{"cameraMode":{"drawMode":0,"name":"Shaded","section":"Shading Mode"},"sceneLighting":true,"audioPlay":false,"sceneViewState":{"m_AlwaysRefresh":false,"showFog":true,"showSkybox":true,"showFlares":true,"showImageEffects":true,"showParticleSystems":true,"showVisualEffectGraphs":true,"m_FxEnabled":true},"in2DMode":false,"pivot":{"x":1.9236239194869996,"y":8.851763725280762,"z":-0.4123830795288086},"rotation":{"x":-0.11777348071336746,"y":0.8699363470077515,"z":0.4086397588253021,"w":0.2503165304660797},"size":2.3714005947113039,"orthographic":false}