{"cameraMode":{"drawMode":0,"name":"Shaded","section":"Shading Mode"},"sceneLighting":false,"audioPlay":false,"sceneViewState":{"m_AlwaysRefresh":false,"showFog":true,"showSkybox":false,"showFlares":true,"showImageEffects":true,"showParticleSystems":true,"showVisualEffectGraphs":true,"m_FxEnabled":true},"in2DMode":false,"pivot":{"x":-2.5955395698547365,"y":1.8419520854949952,"z":-1.521748661994934},"rotation":{"x":0.18920204043388368,"y":-0.14028827846050263,"z":0.027162954211235048,"w":0.9715542793273926},"size":0.07071061432361603,"orthographic":false}