{"cameraMode":{"drawMode":0,"name":"Shaded","section":"Shading Mode"},"sceneLighting":false,"audioPlay":false,"sceneViewState":{"m_AlwaysRefresh":false,"showFog":false,"showSkybox":false,"showFlares":false,"showImageEffects":false,"showParticleSystems":false,"showVisualEffectGraphs":true,"m_FxEnabled":true},"in2DMode":false,"pivot":{"x":0.12566432356834413,"y":1.127508282661438,"z":-1.066062092781067},"rotation":{"x":-0.0009704402764327824,"y":-0.9964202046394348,"z":0.08421248197555542,"w":-0.014047285541892052},"size":1.3059316873550416,"orthographic":false}