{"cameraMode":{"drawMode":0,"name":"Shaded","section":"Shading Mode"},"sceneLighting":false,"audioPlay":false,"sceneViewState":{"m_AlwaysRefresh":false,"showFog":true,"showSkybox":false,"showFlares":true,"showImageEffects":true,"showParticleSystems":true,"showVisualEffectGraphs":true,"m_FxEnabled":true},"in2DMode":false,"pivot":{"x":-4.71118688583374,"y":1.6555871963500977,"z":-0.06247252598404884},"rotation":{"x":-0.01972682774066925,"y":-0.7259006500244141,"z":0.020998261868953706,"w":-0.687289834022522},"size":0.22394230961799622,"orthographic":false}